{
  "start": [
    39.05458825511133,
    20.65877736448084
  ],
  "end": [
    49.394656597771,
    11.76888041644292
  ]
}