{
  "start": [
    18.0545882545565,
    20.65877736448084
  ],
  "end": [
    28.39465659721618,
    11.76888041644292
  ]
}