{
  "start": [
    81.0545882545584,
    20.65877736448084
  ],
  "end": [
    91.39465659721805,
    11.76888041644292
  ]
}