{
  "start": [
    60.05476899527138,
    20.65877736448084
  ],
  "end": [
    70.39483733793107,
    11.76888041644292
  ]
}